title,price,rating,reviews,availability
$10 -PlayStation Store Gift Card [Digital Code],10.,4.6 out of 5 stars,"271,535 ratings",Available now
PlayStation DualSense® Wireless Controller - White,51.,4.5 out of 5 stars,"5,325 ratings",In Stock
$150 PlayStation Store Gift Card [Digital Code],150.,4.6 out of 5 stars,"271,535 ratings",Available now
"PlayStation 5 Slim Ultra HD Blu-ray Disc Drive, Black [video game]",93.,4.8 out of 5 stars,847 ratings,
007 First Light - Legacy Edition - PlayStation 5,299.,4.4 out of 5 stars.,,"This item will be released on March 27, 2026."
Call of Duty®: Black Ops 7 - PlayStation 5,69.,4.5 out of 5 stars.,,"This item will be released on November 14, 2025."
"PS5/PS5 Slim/Pro Stand with Adjustable Cooling Fan, PS5 Cooling Stand for PS5/PS5 Slim/Pro, PS5 Cooling Station with Dual Controller Chargers and RGB Light for PlayStation Vita Skins",31.,4.5 out of 5 stars,"1,951 ratings",In Stock
"HDMI 2.1 Certified Cable Supports 10K 8K @60Hz and 4K @120Hz Compatible with All TVs, BluRay, Xbox Series X, PS5 (6 Feet)",69.,4.7 out of 5 stars,"2,183 ratings",In Stock
"8K Detachable HDMI Fiber Optic Cable 82Feet/25m, Long HDMI 2.1 Cable in Wall, with Dual Micro HDMI and Standard HDMI Connectors, Compatible for PC, TV, playstation4, PS5, Xbox Series X, RTX4090/4080",68.,4.2 out of 5 stars,96 ratings,Only 8 left in stock - order soon.
"Wireless Gaming Headset for PC, PS5, PS4, Mac, Switch, Noise Cancelling Headphones with Mic, 2.4GHz Low Latency USB Dongle, Bluetooth 5.4, 50mm 3D Audio Driver, RGB Lights, 50H Battery(White)",24.,4.4 out of 5 stars,595 ratings,In Stock
$150 PlayStation Store Gift Card [Digital Code],127.,4.6 out of 5 stars,"271,535 ratings",Available now
PlayStation DualSense® Wireless Controller - White,59.,4.5 out of 5 stars,"5,325 ratings",In Stock
$10 -PlayStation Store Gift Card [Digital Code],10.,4.6 out of 5 stars,"271,535 ratings",Available now
"WD_BLACK 2TB SN850P NVMe M.2 SSD Officially Licensed Storage Expansion for PS5 Consoles, up to 7,300MB/s, with heatsink - WDBBYV0020BNC-WRSN",199.,4.8 out of 5 stars,"8,914 ratings",In Stock
007 First Light - Legacy Edition - PlayStation 5,299.,4.4 out of 5 stars.,,"This item will be released on March 27, 2026."
PS5 Skin - Disc Edition Console and Controller Accessories Cover Skins PS5 Controller Skin Gift ps5 Skins for Console Full Set PS5 Skin Spider Gery and Red,16.,4.4 out of 5 stars,485 ratings,In Stock
"PS5 Cooling Fan, MEQI PS5 Accessories Upgraded Quiet Cooler Fan with LED Light & USB 3.0 Hubs, Efficient Cooling Station for PlayStation 5 Disc/Digital Edition",19.,4.1 out of 5 stars,223 ratings,In Stock
PS5 Skin - Disc Edition Console and Controller Accessories Cover Skins PS5 Controller Skin Gift ps5 Skins for Console Full Set Spider Red,15.,4.5 out of 5 stars,701 ratings,Only 8 left in stock - order soon.
PS5 Digital Edition Skin - Regular Digital Edition Console and Controller Accessories Cover Skins PS5 Controller Skin Gift ps5 Skins for Console Full Set PS5 Skin Spider Red and Blue,19.,4.3 out of 5 stars,81 ratings,In Stock
PS5 Slim Disc Edition Skin - Slim Disc Edition Console and Controller Accessories Cover Skins PS5 Controller Skin Gift ps5 Skins for Console Full Set PS5 Skin Spider Venom,22.,4.5 out of 5 stars,75 ratings,In Stock
$150 PlayStation Store Gift Card [Digital Code],150.,4.6 out of 5 stars,"271,535 ratings",Available now
PlayStation DualSense® Wireless Controller - White,51.,4.5 out of 5 stars,"5,325 ratings",In Stock
$10 -PlayStation Store Gift Card [Digital Code],10.,4.6 out of 5 stars,"271,535 ratings",Available now
"WD_BLACK 2TB SN850P NVMe M.2 SSD Officially Licensed Storage Expansion for PS5 Consoles, up to 7,300MB/s, with heatsink - WDBBYV0020BNC-WRSN",199.,4.8 out of 5 stars,"8,914 ratings",In Stock
PlayStation DualSense™ Wireless Controller – Chroma Teal,66.,4.8 out of 5 stars,"1,024 ratings",In Stock
"PlayStation 5 Slim Ultra HD Blu-ray Disc Drive, Black [video game]",109.,4.8 out of 5 stars,847 ratings,
"Wireless Gaming Headset with Noise Canceling Microphone for PS5, PC, PS4, 2.4G/Bluetooth Gaming Headphones with USB and Type-c Connector, Wired Mode for Controller Gamecube",29.,4.2 out of 5 stars,726 ratings,In Stock
PlayStation DualSense® Wireless Controller - White,59.,4.5 out of 5 stars,"5,325 ratings",In Stock
$10 -PlayStation Store Gift Card [Digital Code],10.,4.6 out of 5 stars,"271,535 ratings",Available now
$150 PlayStation Store Gift Card [Digital Code],150.,4.6 out of 5 stars,"271,535 ratings",Available now
"PlayStation 5 Slim Ultra HD Blu-ray Disc Drive, Black [video game]",109.,4.8 out of 5 stars,847 ratings,
"WD_BLACK 2TB SN850P NVMe M.2 SSD Officially Licensed Storage Expansion for PS5 Consoles, up to 7,300MB/s, with heatsink - WDBBYV0020BNC-WRSN",170.,4.8 out of 5 stars,"8,914 ratings",In Stock
007 First Light - Legacy Edition - PlayStation 5,299.,4.4 out of 5 stars.,,"This item will be released on March 27, 2026."
"Wireless Gaming Headset with Noise Canceling Microphone for PS5, PC, PS4, 2.4G/Bluetooth Gaming Headphones with USB and Type-c Connector, Wired Mode for Controller Gamecube",29.,4.2 out of 5 stars,726 ratings,In Stock
PlayStation DualSense® Wireless Controller - White,59.,4.5 out of 5 stars,"5,325 ratings",In Stock
$10 -PlayStation Store Gift Card [Digital Code],10.,4.6 out of 5 stars,"271,535 ratings",Available now
$150 PlayStation Store Gift Card [Digital Code],150.,4.6 out of 5 stars,"271,535 ratings",Available now
"PlayStation 5 Slim Ultra HD Blu-ray Disc Drive, Black [video game]",109.,4.8 out of 5 stars,847 ratings,
"WD_BLACK 2TB SN850P NVMe M.2 SSD Officially Licensed Storage Expansion for PS5 Consoles, up to 7,300MB/s, with heatsink - WDBBYV0020BNC-WRSN",199.,4.8 out of 5 stars,"8,914 ratings",In Stock
